{"cameraMode":{"drawMode":0,"name":"Shaded","section":"Shading Mode"},"sceneLighting":false,"audioPlay":false,"sceneViewState":{"m_AlwaysRefresh":false,"showFog":true,"showSkybox":false,"showFlares":true,"showImageEffects":true,"showParticleSystems":true,"showVisualEffectGraphs":true,"m_FxEnabled":true},"in2DMode":false,"pivot":{"x":13.420144081115723,"y":0.815368115901947,"z":23.053203582763673},"rotation":{"x":-0.14018681645393372,"y":-0.564646303653717,"z":0.09805542230606079,"w":-0.8075278997421265},"size":0.21650634706020356,"orthographic":false}