{"cameraMode":{"drawMode":0,"name":"Shaded","section":"Shading Mode"},"sceneLighting":true,"audioPlay":false,"sceneViewState":{"m_AlwaysRefresh":false,"showFog":true,"showSkybox":true,"showFlares":true,"showImageEffects":true,"showParticleSystems":true,"showVisualEffectGraphs":true,"m_FxEnabled":true},"in2DMode":false,"pivot":{"x":6.270529747009277,"y":9.340599060058594,"z":-2.7604551315307619},"rotation":{"x":0.008108258247375489,"y":-0.9620818495750427,"z":0.029156150296330453,"w":0.271077960729599},"size":12.124356269836426,"orthographic":false}