{"cameraMode":{"drawMode":0,"name":"Shaded","section":"Shading Mode"},"sceneLighting":false,"audioPlay":false,"sceneViewState":{"m_AlwaysRefresh":false,"showFog":true,"showSkybox":false,"showFlares":true,"showImageEffects":true,"showParticleSystems":true,"showVisualEffectGraphs":true,"m_FxEnabled":true},"in2DMode":false,"pivot":{"x":-0.6328356862068176,"y":0.794579029083252,"z":-0.6680952310562134},"rotation":{"x":-0.9089289307594299,"y":0.06520355492830277,"z":0.15522617101669312,"w":0.38162246346473696},"size":1.4054323434829713,"orthographic":false}